Order_ID,Order_Date,Customer_ID,Product_ID,Quantity,Payment_Method,Order_Status,Customer_Name,City,Region,Membership_Type,Product_Name,Category,Unit_Price,Brand,Order_Month,Order_Day,Order_Day_of_Week,Total_Amount,Priority_Shipping
O0091,2026-01-01,C002,P011,2,Credit Card,Delivered,Zoya Khan,Delhi,North,Regular,Air Fryer,Home & Kitchen,4999,CookSmart,January,1,Thursday,9998,No
O0051,2026-01-01,C008,P017,4,Net Banking,Delivered,Sara Ahmed,Hyderabad,South,Premium,Yoga Mat,Sports,899,FitLife,January,1,Thursday,3596,Yes
O0106,2026-01-02,C001,P009,1,Net Banking,Delivered,Aarav Sharma,Srinagar,North,Premium,Coffee Maker,Home & Kitchen,3499,HomeBrew,January,2,Friday,3499,Yes
O0022,2026-01-02,C023,P014,4,Net Banking,Delivered,Nikhil Sood,Chandigarh,North,Premium,Data Science Handbook,Books,899,DataPress,January,2,Friday,3596,Yes
O0076,2026-01-03,C019,P015,1,Debit Card,Delivered,Yusuf Dar,Srinagar,North,New,Machine Learning Basics,Books,999,AIPress,January,3,Saturday,999,No
O0108,2026-01-04,C006,P020,1,Net Banking,Delivered,Ishita Gupta,Bengaluru,South,Premium,Dumbbell Set,Sports,1999,StrongFit,January,4,Sunday,1999,Yes
O0041,2026-01-04,C008,P012,5,Cash on Delivery,Delivered,Sara Ahmed,Hyderabad,South,Premium,Water Bottle,Home & Kitchen,699,HydroLife,January,4,Sunday,3495,Yes
O0104,2026-01-05,C011,P006,3,Debit Card,Shipped,Vivaan Kapoor,Jaipur,North,New,Hoodie,Clothing,1599,UrbanWear,January,5,Monday,4797,No
O0028,2026-01-07,C006,P011,3,UPI,Delivered,Ishita Gupta,Bengaluru,South,Premium,Air Fryer,Home & Kitchen,4999,CookSmart,January,7,Wednesday,14997,Yes
O0056,2026-01-08,C015,P018,3,Debit Card,Delivered,Karan Joshi,Chandigarh,North,Regular,Football,Sports,799,SportZone,January,8,Thursday,2397,No
O0046,2026-01-09,C019,P012,2,Cash on Delivery,Delivered,Yusuf Dar,Srinagar,North,New,Water Bottle,Home & Kitchen,699,HydroLife,January,9,Friday,1398,No
O0021,2026-01-09,C026,P019,1,Debit Card,Cancelled,Fatima Noor,Srinagar,North,Regular,Cricket Bat,Sports,2499,BatPro,January,9,Friday,2499,No
O0027,2026-01-11,C002,P008,1,Cash on Delivery,Shipped,Zoya Khan,Delhi,North,Regular,Sneakers,Clothing,2999,StepUp,January,11,Sunday,2999,No
O0034,2026-01-13,C010,P020,5,Credit Card,Delivered,Mehak Bhat,Srinagar,North,Premium,Dumbbell Set,Sports,1999,StrongFit,January,13,Tuesday,9995,Yes
O0045,2026-01-14,C006,P017,1,Debit Card,Cancelled,Ishita Gupta,Bengaluru,South,Premium,Yoga Mat,Sports,899,FitLife,January,14,Wednesday,899,Yes
O0029,2026-01-15,C005,P017,1,Cash on Delivery,Cancelled,Kabir Ali,Lucknow,North,New,Yoga Mat,Sports,899,FitLife,January,15,Thursday,899,No
O0112,2026-01-15,C012,P006,4,UPI,Delivered,Aisha Mir,Delhi,North,Premium,Hoodie,Clothing,1599,UrbanWear,January,15,Thursday,6396,Yes
O0079,2026-01-16,C021,P012,5,Debit Card,Delivered,Aman Kumar,Delhi,North,Regular,Water Bottle,Home & Kitchen,699,HydroLife,January,16,Friday,3495,No
O0099,2026-01-17,C010,P001,2,UPI,Shipped,Mehak Bhat,Srinagar,North,Premium,Wireless Headphones,Electronics,1499,SoundMax,January,17,Saturday,2998,Yes
O0094,2026-01-17,C011,P002,4,Net Banking,Cancelled,Vivaan Kapoor,Jaipur,North,New,Mechanical Keyboard,Electronics,2499,KeyPro,January,17,Saturday,9996,No
O0102,2026-01-20,C021,P012,3,Credit Card,Shipped,Aman Kumar,Delhi,North,Regular,Water Bottle,Home & Kitchen,699,HydroLife,January,20,Tuesday,2097,No
O0071,2026-01-21,C020,P016,1,UPI,Delivered,Priya Menon,Chennai,South,Premium,Atomic Habits,Books,599,MindReads,January,21,Wednesday,599,Yes
O0025,2026-01-22,C026,P008,2,Cash on Delivery,Cancelled,Fatima Noor,Srinagar,North,Regular,Sneakers,Clothing,2999,StepUp,January,22,Thursday,5998,No
O0105,2026-01-22,C020,P016,4,UPI,Delivered,Priya Menon,Chennai,South,Premium,Atomic Habits,Books,599,MindReads,January,22,Thursday,2396,Yes
O0002,2026-01-25,C006,P003,2,Debit Card,Delivered,Ishita Gupta,Bengaluru,South,Premium,Wireless Mouse,Electronics,899,TechGear,January,25,Sunday,1798,Yes
O0038,2026-01-25,C024,P008,1,Credit Card,Delivered,Maryam Khan,Hyderabad,South,Regular,Sneakers,Clothing,2999,StepUp,January,25,Sunday,2999,No
O0107,2026-01-26,C021,P003,2,Cash on Delivery,Delivered,Aman Kumar,Delhi,North,Regular,Wireless Mouse,Electronics,899,TechGear,January,26,Monday,1798,No
O0086,2026-01-28,C024,P006,5,Debit Card,Delivered,Maryam Khan,Hyderabad,South,Regular,Hoodie,Clothing,1599,UrbanWear,January,28,Wednesday,7995,No
O0026,2026-01-28,C015,P005,2,UPI,Delivered,Karan Joshi,Chandigarh,North,Regular,Power Bank,Electronics,1199,VoltPlus,January,28,Wednesday,2398,No
O0042,2026-01-29,C012,P008,5,Net Banking,Delivered,Aisha Mir,Delhi,North,Premium,Sneakers,Clothing,2999,StepUp,January,29,Thursday,14995,Yes
O0054,2026-01-30,C019,P007,3,Credit Card,Cancelled,Yusuf Dar,Srinagar,North,New,Jacket,Clothing,2499,NorthStyle,January,30,Friday,7497,No
O0048,2026-02-02,C020,P012,2,Debit Card,Cancelled,Priya Menon,Chennai,South,Premium,Water Bottle,Home & Kitchen,699,HydroLife,February,2,Monday,1398,Yes
O0040,2026-02-03,C008,P010,4,Cash on Delivery,Delivered,Sara Ahmed,Hyderabad,South,Premium,Electric Kettle,Home & Kitchen,1499,KitchenPro,February,3,Tuesday,5996,Yes
O0098,2026-02-03,C009,P006,1,Credit Card,Delivered,Arjun Nair,Kochi,South,Regular,Hoodie,Clothing,1599,UrbanWear,February,3,Tuesday,1599,No
O0119,2026-02-03,C015,P019,2,Debit Card,Delivered,Karan Joshi,Chandigarh,North,Regular,Cricket Bat,Sports,2499,BatPro,February,3,Tuesday,4998,No
O0023,2026-02-04,C015,P013,3,Debit Card,Delivered,Karan Joshi,Chandigarh,North,Regular,Python Programming,Books,749,TechBooks,February,4,Wednesday,2247,No
O0058,2026-02-05,C029,P005,5,UPI,Cancelled,Sameer Qureshi,Jammu,North,New,Power Bank,Electronics,1199,VoltPlus,February,5,Thursday,5995,No
O0066,2026-02-05,C004,P001,2,Debit Card,Cancelled,Ananya Singh,Jammu,North,Regular,Wireless Headphones,Electronics,1499,SoundMax,February,5,Thursday,2998,No
O0020,2026-02-06,C010,P012,3,Credit Card,Delivered,Mehak Bhat,Srinagar,North,Premium,Water Bottle,Home & Kitchen,699,HydroLife,February,6,Friday,2097,Yes
O0096,2026-02-07,C002,P013,1,Net Banking,Shipped,Zoya Khan,Delhi,North,Regular,Python Programming,Books,749,TechBooks,February,7,Saturday,749,No
O0093,2026-02-08,C012,P016,3,Debit Card,Delivered,Aisha Mir,Delhi,North,Premium,Atomic Habits,Books,599,MindReads,February,8,Sunday,1797,Yes
O0075,2026-02-08,C027,P004,4,UPI,Delivered,Harsh Vardhan,Noida,North,Premium,Smart Watch,Electronics,3299,FitTech,February,8,Sunday,13196,Yes
O0039,2026-02-09,C016,P020,5,Credit Card,Delivered,Hiba Sheikh,Srinagar,North,Premium,Dumbbell Set,Sports,1999,StrongFit,February,9,Monday,9995,Yes
O0007,2026-02-10,C011,P003,3,UPI,Delivered,Vivaan Kapoor,Jaipur,North,New,Wireless Mouse,Electronics,899,TechGear,February,10,Tuesday,2697,No
O0114,2026-02-12,C019,P011,5,Credit Card,Delivered,Yusuf Dar,Srinagar,North,New,Air Fryer,Home & Kitchen,4999,CookSmart,February,12,Thursday,24995,No
O0033,2026-02-13,C010,P008,5,Credit Card,Delivered,Mehak Bhat,Srinagar,North,Premium,Sneakers,Clothing,2999,StepUp,February,13,Friday,14995,Yes
O0047,2026-02-15,C005,P004,5,Credit Card,Cancelled,Kabir Ali,Lucknow,North,New,Smart Watch,Electronics,3299,FitTech,February,15,Sunday,16495,No
O0015,2026-02-16,C027,P011,3,Credit Card,Cancelled,Harsh Vardhan,Noida,North,Premium,Air Fryer,Home & Kitchen,4999,CookSmart,February,16,Monday,14997,Yes
O0078,2026-02-17,C029,P004,5,Cash on Delivery,Delivered,Sameer Qureshi,Jammu,North,New,Smart Watch,Electronics,3299,FitTech,February,17,Tuesday,16495,No
O0050,2026-02-18,C020,P001,1,Credit Card,Shipped,Priya Menon,Chennai,South,Premium,Wireless Headphones,Electronics,1499,SoundMax,February,18,Wednesday,1499,Yes
O0001,2026-02-19,C027,P019,2,Credit Card,Delivered,Harsh Vardhan,Noida,North,Premium,Cricket Bat,Sports,2499,BatPro,February,19,Thursday,4998,Yes
O0024,2026-02-20,C030,P001,4,Net Banking,Delivered,Riya Kapoor,Bengaluru,South,Premium,Wireless Headphones,Electronics,1499,SoundMax,February,20,Friday,5996,Yes
O0092,2026-02-21,C027,P006,2,Debit Card,Delivered,Harsh Vardhan,Noida,North,Premium,Hoodie,Clothing,1599,UrbanWear,February,21,Saturday,3198,Yes
O0117,2026-02-21,C019,P015,3,Cash on Delivery,Shipped,Yusuf Dar,Srinagar,North,New,Machine Learning Basics,Books,999,AIPress,February,21,Saturday,2997,No
O0068,2026-02-22,C018,P010,2,Debit Card,Delivered,Manya Rao,Bengaluru,South,Regular,Electric Kettle,Home & Kitchen,1499,KitchenPro,February,22,Sunday,2998,No
O0067,2026-02-22,C005,P017,1,Debit Card,Delivered,Kabir Ali,Lucknow,North,New,Yoga Mat,Sports,899,FitLife,February,22,Sunday,899,No
O0055,2026-02-23,C008,P009,4,Net Banking,Cancelled,Sara Ahmed,Hyderabad,South,Premium,Coffee Maker,Home & Kitchen,3499,HomeBrew,February,23,Monday,13996,Yes
O0101,2026-02-24,C009,P012,1,UPI,Delivered,Arjun Nair,Kochi,South,Regular,Water Bottle,Home & Kitchen,699,HydroLife,February,24,Tuesday,699,No
O0083,2026-02-24,C009,P013,1,Debit Card,Shipped,Arjun Nair,Kochi,South,Regular,Python Programming,Books,749,TechBooks,February,24,Tuesday,749,No
O0097,2026-02-24,C004,P006,2,Cash on Delivery,Delivered,Ananya Singh,Jammu,North,Regular,Hoodie,Clothing,1599,UrbanWear,February,24,Tuesday,3198,No
O0095,2026-02-25,C015,P011,2,Cash on Delivery,Delivered,Karan Joshi,Chandigarh,North,Regular,Air Fryer,Home & Kitchen,4999,CookSmart,February,25,Wednesday,9998,No
O0016,2026-02-25,C011,P008,3,UPI,Delivered,Vivaan Kapoor,Jaipur,North,New,Sneakers,Clothing,2999,StepUp,February,25,Wednesday,8997,No
O0063,2026-02-25,C030,P020,3,Credit Card,Shipped,Riya Kapoor,Bengaluru,South,Premium,Dumbbell Set,Sports,1999,StrongFit,February,25,Wednesday,5997,Yes
O0003,2026-02-26,C015,P004,1,Cash on Delivery,Delivered,Karan Joshi,Chandigarh,North,Regular,Smart Watch,Electronics,3299,FitTech,February,26,Thursday,3299,No
O0017,2026-02-27,C023,P011,4,Net Banking,Delivered,Nikhil Sood,Chandigarh,North,Premium,Air Fryer,Home & Kitchen,4999,CookSmart,February,27,Friday,19996,Yes
O0044,2026-02-27,C016,P019,4,Credit Card,Delivered,Hiba Sheikh,Srinagar,North,Premium,Cricket Bat,Sports,2499,BatPro,February,27,Friday,9996,Yes
O0049,2026-02-27,C010,P006,3,Cash on Delivery,Delivered,Mehak Bhat,Srinagar,North,Premium,Hoodie,Clothing,1599,UrbanWear,February,27,Friday,4797,Yes
O0061,2026-03-02,C020,P002,2,Credit Card,Delivered,Priya Menon,Chennai,South,Premium,Mechanical Keyboard,Electronics,2499,KeyPro,March,2,Monday,4998,Yes
O0073,2026-03-02,C029,P004,3,Debit Card,Cancelled,Sameer Qureshi,Jammu,North,New,Smart Watch,Electronics,3299,FitTech,March,2,Monday,9897,No
O0057,2026-03-02,C027,P008,2,Cash on Delivery,Delivered,Harsh Vardhan,Noida,North,Premium,Sneakers,Clothing,2999,StepUp,March,2,Monday,5998,Yes
O0004,2026-03-04,C024,P015,3,Net Banking,Delivered,Maryam Khan,Hyderabad,South,Regular,Machine Learning Basics,Books,999,AIPress,March,4,Wednesday,2997,No
O0019,2026-03-05,C019,P017,4,Net Banking,Delivered,Yusuf Dar,Srinagar,North,New,Yoga Mat,Sports,899,FitLife,March,5,Thursday,3596,No
O0010,2026-03-05,C026,P005,2,Debit Card,Shipped,Fatima Noor,Srinagar,North,Regular,Power Bank,Electronics,1199,VoltPlus,March,5,Thursday,2398,No
O0052,2026-03-10,C024,P008,5,Debit Card,Delivered,Maryam Khan,Hyderabad,South,Regular,Sneakers,Clothing,2999,StepUp,March,10,Tuesday,14995,No
O0009,2026-03-13,C024,P009,2,UPI,Cancelled,Maryam Khan,Hyderabad,South,Regular,Coffee Maker,Home & Kitchen,3499,HomeBrew,March,13,Friday,6998,No
O0065,2026-03-14,C024,P020,2,Cash on Delivery,Delivered,Maryam Khan,Hyderabad,South,Regular,Dumbbell Set,Sports,1999,StrongFit,March,14,Saturday,3998,No
O0036,2026-03-14,C026,P016,5,Debit Card,Shipped,Fatima Noor,Srinagar,North,Regular,Atomic Habits,Books,599,MindReads,March,14,Saturday,2995,No
O0111,2026-03-14,C001,P001,4,Debit Card,Delivered,Aarav Sharma,Srinagar,North,Premium,Wireless Headphones,Electronics,1499,SoundMax,March,14,Saturday,5996,Yes
O0089,2026-03-14,C015,P008,4,Credit Card,Shipped,Karan Joshi,Chandigarh,North,Regular,Sneakers,Clothing,2999,StepUp,March,14,Saturday,11996,No
O0109,2026-03-17,C023,P019,5,Debit Card,Cancelled,Nikhil Sood,Chandigarh,North,Premium,Cricket Bat,Sports,2499,BatPro,March,17,Tuesday,12495,Yes
O0070,2026-03-18,C011,P004,2,Net Banking,Delivered,Vivaan Kapoor,Jaipur,North,New,Smart Watch,Electronics,3299,FitTech,March,18,Wednesday,6598,No
O0053,2026-03-19,C021,P004,3,Credit Card,Cancelled,Aman Kumar,Delhi,North,Regular,Smart Watch,Electronics,3299,FitTech,March,19,Thursday,9897,No
O0072,2026-03-21,C029,P009,4,Net Banking,Cancelled,Sameer Qureshi,Jammu,North,New,Coffee Maker,Home & Kitchen,3499,HomeBrew,March,21,Saturday,13996,No
O0013,2026-03-22,C005,P009,3,Cash on Delivery,Delivered,Kabir Ali,Lucknow,North,New,Coffee Maker,Home & Kitchen,3499,HomeBrew,March,22,Sunday,10497,No
O0113,2026-03-22,C008,P014,1,UPI,Delivered,Sara Ahmed,Hyderabad,South,Premium,Data Science Handbook,Books,899,DataPress,March,22,Sunday,899,Yes
O0062,2026-03-25,C009,P014,2,UPI,Delivered,Arjun Nair,Kochi,South,Regular,Data Science Handbook,Books,899,DataPress,March,25,Wednesday,1798,No
O0008,2026-03-27,C020,P005,4,Debit Card,Delivered,Priya Menon,Chennai,South,Premium,Power Bank,Electronics,1199,VoltPlus,March,27,Friday,4796,Yes
O0077,2026-03-27,C006,P020,3,Net Banking,Delivered,Ishita Gupta,Bengaluru,South,Premium,Dumbbell Set,Sports,1999,StrongFit,March,27,Friday,5997,Yes
O0087,2026-03-28,C006,P004,5,Cash on Delivery,Cancelled,Ishita Gupta,Bengaluru,South,Premium,Smart Watch,Electronics,3299,FitTech,March,28,Saturday,16495,Yes
O0080,2026-03-29,C026,P019,5,Debit Card,Delivered,Fatima Noor,Srinagar,North,Regular,Cricket Bat,Sports,2499,BatPro,March,29,Sunday,12495,No
